ID,RBD,LONGITUD,LATITUD,NOM_RBD
402,516,-71.24479700000001,-29.903280000000000,LICEO GABRIELA MISTRAL DE LA SERENA
403,517,-71.24336200000000,-29.902950000000000,LICEO GREGORIO CORDOVEZ
404,518,-71.25396700000000,-29.906330000000000,LICEO TECNICO MARTA BRUNET
405,519,-71.24069200000000,-29.879210000000000,COLEGIO ARTURO PRAT CHACON
406,520,-71.22313586,-29.91459711,COLEGIO JOSE GASPAR MARIN ESQUIVEL
407,521,-71.25289200000000,-29.931801000000000,COLEGIO VICTOR DOMINGO SILVA
408,522,-71.25515000000000,-29.906090000000000,COLEGIO JAVIERA CARRERA
409,523,-71.24738300000000,-29.875530000000000,ESCUELA ALONSO DE ERCILLA
410,525,-71.24627700000001,-29.906660000000000,COLEGIO JAPON
411,526,-71.25171700000000,-29.919991000000000,COLEGIO JOSE MANUEL BALMACEDA
412,527,-71.25470000000000,-29.907560000000000,COLEGIO HEROES DE LA CONCEPCION
413,528,-71.24469000000001,-29.906410000000000,ESCUELA GERMAN RIESCO
414,529,-71.24486542000000,-29.913702010000000,COLEGIO MANUEL RODRIGUEZ
415,530,-71.25341000000000,-29.897860000000000,COLEGIO GABRIEL GONZALEZ VIDELA
416,531,-71.22067260999999,-29.912460330000000,COLEGIO PEDRO AGUIRRE CERDA
417,532,-71.24658966000000,-29.909027100000000,CEN.ED.INT.DE ADUL.ESTER VILLARREAL CASTILLO
418,533,-71.24278300000000,-29.873360000000000,COLEGIO DARIO SALAS
419,534,-71.23638200000001,-29.886999000000000,COLEGIO VILLA SAN BARTOLOME
420,535,-71.26345100000000,-29.942751000000000,COLEGIO JOSE MIGUEL CARRERA
421,536,-71.22920999999999,-29.910770000000000,COLEGIO BERNARDA MORIN
422,537,-71.25833892999999,-29.932678220000000,COLEGIO LUIS BRAILLE
423,539,-71.14404300000000,-29.936920000000000,COLEGIO DE ALGARROBITO
424,540,-71.18531800000000,-29.897869000000000,ESCUELA DE ISLON
425,542,-71.11961400000000,-29.843019000000000,ESCUELA DE LAMBERT
426,543,-71.12130700000000,-29.942289000000000,COLEGIO ALTOVALSOL
427,544,-71.22617339999999,-29.949436190000000,ESCUELA DE EL MILAGRO
428,546,-71.14943700000001,-29.915039000000000,COLEGIO COQUIMBITO
429,548,-71.23429899999999,-29.904640000000000,ESCUELA DE COLONIA ALFALFARES
430,549,-71.05431400000001,-30.054319000000000,ESCUELA DE LOS CORRALES
431,550,-70.95687100000001,-29.636620000000000,ESCUELA DE ALMIRANTE LATORRE
432,551,-71.05651899999999,-29.977631000000000,ESCUELA DE LAS ROJAS
433,552,-71.09513099999999,-29.640600000000000,ESCUELA DE CHACAY ALTO
434,553,-71.17507938,-29.92426421,ESCUELA DE BELLAVISTA
435,554,-71.00859100000000,-29.987530000000000,ESCUELA DE PELICANA
436,556,-71.14176900000000,-29.888660000000000,ESCUELA DE ROMERO
437,557,-71.08923299999999,-29.973049000000000,ESCUELA DE SATURNO
438,558,-71.28003699999999,-29.816179000000000,COLEGIO PUNTA DE TEATINOS
440,560,-71.03662100000000,-30.008190000000000,COLEGIO QUEBRADA DE TALCA
441,561,-71.21646900000000,-29.720280000000000,COLEGIO EL ROMERAL
442,562,-71.27114100000000,-29.879129000000000,COLEGIO CALETA SAN PEDRO
443,563,-70.77214100000000,-29.642401000000000,COLEGIO LA LAJA
444,564,-71.10952000000000,-30.034969000000000,COLEGIO LA ESTRELLA
445,565,-71.27539100000000,-29.935129000000000,COLEGIO ADVENTISTA LA SERENA
446,566,-71.22512100000000,-29.883221000000000,COLEGIO ISABEL RIQUELME
447,567,-71.24582700000001,-29.879110000000000,COLEGIO SAN FRANCISCO COLL
448,568,-71.24952700000000,-29.904461000000000,COLEGIO SAN ANTONIO
449,570,-71.25341800000000,-29.908180000000000,COLEGIO ELENA BETTINI
450,571,-71.26124000000000,-29.939386000000000,ESC.ESPEC.LOS PENSAMIENTOS DE JUAN XXIII
451,573,-71.25692700000000,-29.924440000000000,ESCUELA PARTICULAR TERESA VIDELA DE G
452,574,-71.25202200000000,-29.909750000000000,ESCUELA INDUSTRIAL SALESIANA SAN RAMON
453,575,-71.24091300000001,-29.902241000000000,COLEGIO PROVIDENCIA
455,578,-71.24624600000000,-29.901899000000000,LICEO IGNACIO CARRERA PINTO
456,579,-71.24314900000000,-29.905001000000000,COLEGIO SEMINARIO CONCILIAR
457,580,-71.24346362999999,-29.904334370000000,COLEGIO GERONIMO RENDIC
458,581,-71.25418854000000,-29.927640910000000,ESCUELA EXPERIMENTAL DE MUSICA JORGE PEÑA HEN
459,582,-71.25307612000000,-29.901097580000000,COLEGIO ANDRES BELLO
460,583,-71.24729900000000,-29.904659000000000,COLEGIO SAGRADOS CORAZONES
462,585,-71.26223000000000,-29.932303000000000,COLEGIO THE INTERNATIONAL SCHOOL
463,587,-71.24915000000000,-29.915619000000000,COLEGIO SERENA
464,589,-71.25022900000000,-29.921869000000000,COLEGIO SANTO DOMINGO
465,590,-71.14869905000000,-29.937367630000000,COLEGIO PARTICULAR SAN JOSE
466,591,-71.25518000000000,-29.917365000000000,COLEGIO INGLES CATOLICO
468,594,-71.25299835,-29.92996407,COLEGIO FRANCISCO DE AGUIRRE
469,597,-71.20237000000000,-29.511000000000000,COLEGIO PEDRO PABLO MUÑOZ
470,598,-71.46098300000000,-29.246040000000000,ESCUELA DE PUNTA DE CHOROS
471,599,-71.11620300000000,-29.373100000000000,ESCUELA JOSE SANTOS OSSA
473,601,-70.74277916,-29.38098551,ESCUELA DE LOS MORROS
474,602,-71.28537000000000,-29.622200000000000,ESCUELA BASICA CARLOS CONDELL
475,604,-71.01551800000000,-29.353840000000000,ESCUELA DE PUNTA COLORADA
476,606,-71.29876700000000,-29.446430000000000,ESCUELA BASICA SAN ANDRES
478,608,-71.30742600000001,-29.290911000000000,ESCUELA DE LOS CHOROS
479,609,-71.34013400000001,-29.960550000000000,INSTITUTO SUPERIOR DE COMERCIO DE COQUIMBO
480,610,-71.34722100000000,-29.965250000000000,LICEO INDUSTRIAL JOSE TOMAS DE URMENETA
481,611,-71.33702099999999,-29.953030000000000,LICEO DIEGO PORTALES
482,612,-71.32544700000000,-29.971701000000000,ESCUELA GUILLERMO CERECEDA
483,613,-71.33828699999999,-29.961269000000000,COLEGIO DE ARTES CLAUDIO ARRAU
484,614,-71.33995800000000,-29.955730000000000,ESCUELA PRESIDENTE ANIBAL PINTO
485,615,-71.33627300000001,-29.954359000000000,ESCUELA COQUIMBO
486,616,-71.33910400000001,-29.967340000000000,ESCUELA CARDENAL JOSE MARIA CARO
487,617,-71.34324599999999,-29.953659000000000,COLEGIO SANTA CECILIA
488,618,-71.25420400000000,-29.962000000000000,ESCUELA SANTO TOMAS DE AQUINO
489,620,-71.26162700000000,-29.957069000000000,ESCUELA JOSE ALFARO ALFARO
490,621,-71.32762099999999,-29.967279000000000,ESCUELA BASICA MARIO MUNOZ SILVA
491,623,-71.32640076000000,-29.967145920000000,CENTRO LABORAL JEAN PIAGET
492,624,-71.32416533999999,-29.967689510000000,ESCUELA DIFERENCIAL JUAN SANDOVAL C.
493,625,-71.34879300000000,-29.961390000000000,ESCUELA TOMASA OLIVARES CAAMANO
494,626,-71.48988300000001,-30.263170000000000,ESCUELA BASICA DAVID LEON TAPIA
495,628,-71.29620400000000,-29.951580000000000,ESCUELA DE PENUELAS
496,629,-71.25240300000000,-30.050680000000000,COLEGIO PABLO NERUDA
497,630,-71.36121400000000,-29.986130000000000,COLEGIO LA HERRADURA
498,631,-71.25676700000000,-30.010710000000000,ESCUELA SAN RAFAEL
499,632,-71.42973300000000,-30.199490000000000,ESCUELA BASICA MANUEL DE SALAS
500,634,-71.21936800000000,-29.975420000000000,ESCUELA DE HUACHALALUME
501,635,-71.36621100000001,-30.064871000000000,ESCUELA DE TOTORALILLO
502,637,-71.29910300000000,-29.973810000000000,ESCUELA LUCILA GODOY ALCAYAGA
503,638,-71.37904399999999,-30.436291000000000,ESCUELA DE CAMARONES
504,639,-71.25787400000000,-30.213289000000000,ESCUELA DE LAS BARRANCAS
505,640,-71.13032532,-30.09230995,ESCUELA DE EL MOLLACO
506,641,-71.25250200000001,-30.278440000000000,ESCUELA DE LAS CARDAS
507,642,-71.21582800000000,-30.138849000000000,ESCUELA DE EL PENON
508,643,-71.22368600000000,-30.197321000000000,ESCUELA DE TAMBILLOS
509,644,-71.60926100000000,-30.292870000000000,ESCUELA DE PUERTO ALDEA
510,645,-71.55861700000000,-30.346460000000000,ESCUELA DE EL TANGUE
511,646,-71.33734100000000,-29.960760000000000,COLEGIO BERNARDO O´HIGGINS
512,647,-71.33577699999999,-29.999411000000000,COLEGIO MANUEL MONTT
513,648,-71.34729000000000,-29.961420000000000,COLEGIO SANTA MARTA
514,649,-71.33904300000000,-29.963671000000000,COLEGIO PARTICULAR GABRIELA MISTRAL
515,650,-71.34339100000000,-29.957479000000000,ESCUELA PARTICULAR METODISTA
517,655,-71.33467100000000,-29.988020000000000,COLEGIO PARTICULAR SAN IGNACIO
518,656,-71.07994100000001,-30.232330000000000,LICEO PEDRO REGALADO S. VIDELA O.
519,657,-71.08006300000000,-30.231480000000000,ESCUELA LUIS CRUZ MARTINEZ
520,658,-71.08114600000000,-30.246161000000000,ESCUELA PATRICIO LYNCH
521,659,-71.08345000000000,-30.255310000000000,ESCUELA PADRE BLAS HERNANDEZ SANCHEZ
523,661,-71.17514799999999,-30.169260000000000,ESCUELA LUIS AMENABAR OSSA
524,662,-71.10881000000001,-30.171049000000000,ESCUELA DE MAITENCILLO
526,664,-71.08585400000000,-30.231791000000000,COLEGIO PARROQUIAL DE ANDACOLLO
527,665,-70.70909899999999,-30.033791000000000,LICEO CARLOS ROBERTO MONDACA CORTES
528,666,-70.71102900000000,-30.035469000000000,ESCUELA BASICA LUCILA GODOY ALCAYAGA
529,668,-70.66082800000000,-30.040661000000000,ESCUELA EDMUNDO VIDAL CARDENAS
530,669,-70.77261400000000,-30.030970000000000,ESCUELA NEFTALI REYES
531,671,-70.56150800000000,-29.979719000000000,ESCUELA RIOS DE ELQUI
532,672,-70.62786900000000,-30.019670000000000,ESCUELA DE DIAGUITAS JUAN TORRES M.
533,673,-70.68939200000000,-30.025721000000000,ESCUELA JOSE ABELARDO NUNEZ
534,674,-70.79560900000000,-29.812000000000000,ESCUELA DE VINITA ALTA
536,676,-70.81199599999999,-30.028210000000000,ESCUELA DE SAN CARLOS
537,678,-70.81503300000000,-30.003281000000000,ESCUELA AMELIA BARAHONA MUJICA
538,680,-70.97280100000000,-29.965330000000000,ESCUELA FEDERICO BARNES PAYNE
539,681,-70.66895300000000,-30.023001000000000,ESCUELA DE EL ARENAL
540,682,-70.95216400000000,-29.977671000000000,ESCUELA DAGOBERTO CAMPOS NUNEZ
541,683,-70.99461400000000,-29.991890000000000,ESCUELA DE LA CALERA
542,685,-70.80997657,-30.0255024,ESCUELA DE LA POLVADA
543,686,-70.48555000000000,-30.182261000000000,ESCUELA BÁSICA MARIO AQUILES RODRIGUEZ
544,687,-70.38739800000000,-29.848360000000000,ESCUELA DE HUANTA
545,688,-70.52118700000000,-29.897301000000000,ESCUELA DE CHAPILCA
546,689,-70.53649900000001,-29.951309000000000,ESCUELA DE VARILLAR
547,690,-70.70778700000000,-30.032721000000000,COLEGIO ANTONIO VARAS
548,691,-70.51748700000000,-30.027321000000000,ESCUELA MUNICIPAL CIELO CLARO--PAIHUANO
549,692,-70.49391199999999,-30.123899000000000,ESCUELA JERONIMO GODOY VILLANUEVA
550,693,-70.46853600000000,-30.033180000000000,ESCUELA BASICA HECTOR MANUEL HERNANDEZ
551,694,-70.49497200000000,-30.093800000000000,ESCUELA GABRIELA MISTRAL
552,695,-70.52883900000000,-29.989500000000000,ESCUELA BASICA SANTIAGO BUERAS A.
553,696,-70.48719800000001,-30.203400000000000,ESCUELA MUNICIPAL LA ORTIGA
554,697,-70.49434700000000,-30.231510000000000,ESCUELA MUNICIPAL ALCOHUAZ
555,699,-70.40619700000001,-30.142639000000000,ESCUELA MARIA ISABEL PERALTA P.
556,701,-71.20536800000001,-30.603840000000000,LICEO ESTELA AVILA DE PERRY
557,704,-71.20482600000000,-30.602280000000000,LICEO ALEJANDRO ALVAREZ JOFRE
558,705,-71.20558900000000,-30.598900000000000,LICEO POLITECNICO DE OVALLE
559,706,-71.20143100000000,-30.606279000000000,COLEGIO FRAY JORGE
560,707,-71.20330800000001,-30.605101000000000,ESCUELA BASICA HELENE LANG
561,708,-71.19027699999999,-30.601959000000000,ESCUELA ANTONIO TIRADO LANAS
562,709,-71.19798299999999,-30.590639000000000,ESCUELA BASICA OSCAR ARAYA MOLINA
563,710,-71.21056400000001,-30.602510000000000,ESCUELA BASICA JOSE TOMAS OVALLE B.
564,711,-71.19056700000000,-30.596340000000000,ESCUELA GUARDIAMARINA ERNESTO RIQUELME V
565,712,-71.20889300000000,-30.605511000000000,ESCUELA BÁSICA ARTURO ALESSANDRI PALMA
566,713,-71.40979799999999,-30.580601000000000,ESCUELA ARTURO VILLALON SIEULANNE
567,714,-71.19349699999999,-30.593491000000000,ESCUELA BASICA VISTA HERMOSA
568,715,-71.23848700000001,-30.643970000000000,ESCUELA BASICA BERNARDO O¦HIGGINS RIQUELME
569,716,-71.12294000000000,-30.629580000000000,ESC.PADRE JOSEPH BENEDIKT STEGMEIER
570,718,-71.28379800000000,-30.637529000000000,ESCUELA MARCOS MACUADA OGALDE
571,719,-71.20037842000001,-30.607677460000000,COLEGIO YUNGAY
572,721,-71.18287700000000,-30.590981000000000,ESCUELA BASICA FLORENCIO ESPINOZA LOPEZ
573,722,-71.16446700000000,-30.568769000000000,ESC. HEBERTO VELAZQUEZ VELAZQUEZ
574,723,-71.27207900000001,-30.560940000000000,ESCUELA VILLORRIO EL TALHUEN
575,724,-71.65978200000001,-31.144341000000000,ESCUELA BASICA CALETA EL MAITEN
576,725,-71.21608000000001,-30.626280000000000,ESCUELA EL CRISOL
577,726,-71.05444300000001,-30.617029000000000,ESCUELA QUEBRADA SECA DE SOTAQUI
578,727,-71.02140000000000,-30.716400000000000,ESCUELA LA PALOMA
579,728,-71.46366100000000,-30.629391000000000,ESCUELA EL ALGARROBO
580,729,-71.44003300000000,-30.573681000000000,ESCUELA BASICA LOS OLIVOS
581,730,-71.36818700000001,-30.618000000000000,ESCUELA BASICA LUCIA NUNEZ DE LA CUADRA
582,731,-71.32849899999999,-30.629841000000000,ESCUELA EL TRAPICHE
584,733,-71.44796800000000,-30.537189000000000,ESCUELA PADRE DAMIAN HEREDIA
585,735,-71.37391700000001,-30.559919000000000,ESCUELA LA QUIROGA
586,736,-71.40212200000001,-30.613791000000000,ESCUELA BASICA LOS SOSSAS
587,737,-71.15013100000000,-30.563919000000000,ESCUELA BASICA VALENTIN LETELIER
590,740,-71.49597900000001,-30.606979000000000,ESCUELA PEDRO ENRIQUE ALFONSO BARRIOS
592,743,-71.07771300000000,-30.668949000000000,ESCUELA CARACHILLA
593,744,-71.51658600000000,-30.663139000000000,ESCUELA ORURO
594,745,-71.04699700000000,-30.687330000000000,ESCUELA LA HIGUERA DE PALOMA
595,746,-71.67060900000000,-30.532021000000000,ESCUELA EL SAUCE
596,747,-71.25965900000000,-30.580830000000000,ESCUELA CERRO TAMAYA
597,749,-71.10466000000000,-30.508921000000000,ESCUELA TRANQUE RECOLETA
598,750,-71.16607700000000,-30.545500000000000,ESCUELA ELVIRA DEL CARMEN OCHOA AVILES
599,752,-71.11998000000000,-30.529360000000000,ESCUELA VALLE HERMOSO
600,753,-71.15141300000001,-30.499491000000000,ESC.BAS.JUAN PABLO ARTIGUES PENAFIEL
601,754,-71.10755200000000,-30.659361000000000,ESCUELA LA ARAUCANA
602,755,-71.10196700000000,-30.567280000000000,ESCUELA CANELILLA
603,756,-71.15696699999999,-30.604059000000000,ESCUELA SANTA CATALINA
604,757,-71.10768100000000,-30.643450000000000,ESCUELA BASICA EL GUINDO
605,758,-71.20320100000001,-30.711889000000000,ESCUELA CORDILLERA
606,759,-71.48557300000000,-30.517700000000000,ESCUELA BASICA GASPAR CABRALES
607,760,-71.55555699999999,-30.580059000000000,ESCUELA LAS LOMAS DE PUNILLA
609,762,-71.69927199999999,-30.741631000000000,ESCUELA CALETA EL TORO
610,763,-71.20382700000000,-30.599380000000000,COLEGIO SAN JUAN BAUTISTA
611,766,-71.19302399999999,-30.597179000000000,COLEGIO SANTA MARIA EUFRASIA
612,767,-71.19837200000001,-30.604361000000000,COLEGIO PARTICULAR GABRIELA MISTRAL
613,768,-71.19619800000000,-30.603609000000000,COLEGIO LA PROVIDENCIA
614,769,-71.19229100000000,-30.600830000000000,COLEGIO SAN VIATOR
615,770,-71.21720999999999,-30.611938000000000,COLEGIO AMALIA ERRAZURIZ
616,771,-71.10317999999999,-30.729561000000000,ESCUELA PARTICULAR EL ARRAYAN
617,772,-71.18802599999999,-30.579281000000000,LICEO AGRICOLA DE OVALLE TADEO PERRY BARN
618,773,-70.94653300000000,-30.409420000000000,ESCUELA SAMO ALTO
619,774,-70.87113200000000,-30.394211000000000,COLEGIO PICHASCA
620,775,-70.84413900000000,-30.382299000000000,ESCUELA BASICA DE FUNDINA
621,776,-70.88804600000000,-30.402040000000000,ES.BAS.SAN PEDRO DE RIO HURTADO
622,777,-70.63268300000000,-30.284571000000000,ESC.BASICA HIJOS DE EL CHANAR
623,778,-70.59757200000000,-30.385250000000000,ESCUELA BASICA LAS BREAS
624,780,-71.03410300000000,-30.473431000000000,ESCUELA BASICA TABAQUEROS
625,783,-71.15844700000000,-30.295210000000000,ESCUELA DOCTOR JOSE LUIS ARRANO
626,784,-70.98281900000001,-30.429840000000000,ESCUELA BASICA HUAMPULLA
627,785,-70.92075300000000,-30.369989000000000,ESCUELA BASICA LOS MAITENES DE SAMO ALTO
628,786,-70.85056299999999,-30.448240000000000,ESCUELA BASICA LA HUERTA
629,787,-70.73187299999999,-30.313999000000000,ESCUELA BASICA MORRILLOS
630,788,-70.71556900000000,-30.294580000000000,ESCUELA BASICA VADO DE MORRILLOS
631,789,-70.90585299999999,-30.412609000000000,ESCUELA EL ESPINAL DE RIO HURTADO
632,790,-70.81986200000000,-30.509220000000000,ESCUELA BASICA EL ROMERAL
634,792,-70.76226000000000,-30.465340000000000,ESCUELA BASICA ESTANCIA EL SAUCE
635,793,-70.74468200000000,-30.334249000000000,ESCUELA BASICA DE SERON
636,795,-71.12875400000000,-30.369690000000000,ESC.BASICA DOMINGO SANTA MARIA GONZALEZ
637,797,-70.69238300000001,-30.354670000000000,ESCUELA LOS MAITENES DE SERON
638,798,-70.94420599999999,-30.770201000000000,ESCUELA EL PALQUI
639,799,-70.95552100000000,-30.690420000000000,COLEGIO REPUBLICA DE CHILE
640,800,-70.98166700000000,-30.840000000000000,ESCUELA HUATULAME
641,802,-70.95880900000000,-30.697180000000000,LICEO PRESIDENTE EDUARDO FREI MONTALVA
642,803,-70.77114899999999,-30.963209000000000,ESC.CONCENTRACION FRONTERIZA DE TULAHUEN
643,804,-70.77352100000000,-30.723490000000000,ESCUELA BASICA WENCESLAO VARGAS
644,805,-70.65384700000000,-30.830580000000000,ESCUELA EL MAQUI
645,806,-70.58000900000000,-31.016870000000000,ESCUELA FRONTERA LAS RAMADAS
646,807,-70.59603900000000,-30.805771000000000,ESCUELA EL MAITEN
647,808,-70.71807123,-31.00357425,ESCUELA BASICA TULAHUEN PONIENTE
648,809,-71.04441799999999,-30.762159000000000,ESCUELA DE HUANILLA
649,810,-70.59973100000001,-30.743620000000000,ESCUELA CENTRAL HIDROELECTRICA LOS MOLLE
650,811,-70.75275634,-30.73688668,ESCUELA VARILLAR
651,812,-70.72648599999999,-30.755600000000000,ESCUELA SOL DE LAS PRADERAS
652,813,-70.81820700000000,-30.783640000000000,ESCUELA BASICA LA UNION
653,814,-70.73887600000000,-30.977180000000000,ESCUELA BASICA EL TAYAN
654,816,-70.94785299999999,-30.637720000000000,ESCUELA GUSTAVO CONTRERAS CASTRO
655,817,-70.61018400000000,-31.025869000000000,ESCUELA NUEVA ESPERANZA DE PEJERREYES
656,818,-70.70854900000000,-30.764469000000000,ESCUELA LOS CLONQUIS
657,819,-70.68566900000000,-30.765690000000000,ESCUELA BUENAVENTURA
658,820,-70.77468900000000,-30.929070000000000,ESCUELA SOL DEL CUYANO
659,821,-70.92611700000000,-30.702641000000000,ESCUELA DE FLOR DEL VALLE
660,822,-70.87995900000000,-30.711651000000000,ESCUELA JUNTAS
661,823,-70.74198199999999,-30.851761000000000,ESCUELA BASICA COLLIGUAY
662,824,-70.65264100000000,-30.754869000000000,ESCUELA HEROES DE CHILE
663,825,-70.80046800000000,-30.823860000000000,ESCUELA BASICA PABLO NERUDA
664,826,-70.67537700000000,-30.751860000000000,ESCUELA BASICA HACIENDA VALDIVIA
665,827,-70.77108800000001,-30.855209000000000,COLEGIO RIO GRANDE
666,828,-70.66477164,-31.01432244,ESCUELA FLOR DE LOS ANDES
667,830,-70.97326700000001,-30.819361000000000,ESCUELA MARCELA PAZ
668,831,-70.66075897,-30.89405632,ESCUELA VALLE NEVADO
669,833,-70.70758800000000,-30.854130000000000,ESCUELA SANTA BERNARDITA
670,834,-70.66630614,-30.83903266,ESCUELA SARGENTO CANDELARIA PEREZ
671,835,-70.77372699999999,-30.883619000000000,ESCUELA CARMELA PRAT
672,836,-70.81041000000000,-30.716270000000000,ESCUELA INES DE SUAREZ
673,837,-70.95995300000000,-30.705971000000000,ESCUELA ESPERANZA DE HUANA
674,838,-70.85684999999999,-30.752810000000000,ESCUELA PROFESOR MANUEL ORTIZ QUINTANA
675,839,-70.84384900000001,-30.752781000000000,ESCUELA CHILECITO
676,840,-70.74593812,-30.85663981,ESCUELA OMAR ELORZA SMITH
677,841,-70.78229523,-30.88600922,ESCUELA PULPICA
679,843,-70.78086900000000,-30.566900000000000,ESCUELA LOS PERALES DE CAMPANARIO
680,844,-70.82946800000001,-30.703470000000000,ESCUELA PARTICULAR CERRILLOS DE RAPEL
681,845,-71.00035900000000,-31.178221000000000,LICEO SAMUEL ROMAN ROJAS
682,847,-71.00128900000000,-31.175550000000000,ESCUELA BASICA AMERICA
683,848,-71.01116900000000,-30.880289000000000,ESCUELA ALEJANDRO CHELEN ROJAS
684,849,-70.95639799999999,-31.091921000000000,ESCUELA BASICA JUANITA FERNANDEZ SOLAR
685,850,-71.04064200000001,-31.042721000000000,ESCUELA JUAN LUIS SAN FUENTES
686,851,-71.06774100000000,-30.954081000000000,ESCUELA BASICA ARTURO PEREZ CANTO
687,852,-71.16045400000000,-31.116980000000000,ESCUELA BASICA PEDRO DE VALDIVIA
689,854,-71.05156099,-31.3159761,ESCUELA RAFAEL SOTOMAYOR
690,856,-71.12563973,-31.1828172,ESCUELA IRENE MORALES
691,857,-71.02438400000000,-30.898920000000000,ESCUELA LOS MORALES
692,859,-71.18801100000000,-30.910450000000000,ESCUELA REBECA MATTE DE INIGUEZ
694,862,-70.89394400000000,-31.055670000000000,ESCUELA ESTRELLA DE BELEN
695,864,-71.01577800000000,-31.241550000000000,ESCUELA BASICA VIOLETA PARRA SANDOVAL
696,865,-71.21302799999999,-31.085569000000000,ESCUELA BASICA DANIEL BARROS GREZ
697,866,-71.00208788,-31.17784473,ESCUELA BASICA OSCAR CASTRO ZUNIGA
698,867,-70.89971775,-30.9425464,ESCUELA SAN JUDAS TADEO DE CARCAMO
699,868,-70.97875999999999,-31.203791000000000,ESCUELA AMERICA DE SUR
700,869,-71.14163200000000,-31.073990000000000,ESCUELA BASICA REBECA PONCE DE LEON V.
701,870,-71.00153400000001,-31.261410000000000,ESCUELA BASICA CAMILO HENRIQUEZ GONZALEZ
702,871,-70.92051700000000,-31.103809000000000,ESCUELA BASICA LUIS ENRIQUE BOU PEREZ
703,872,-71.11036700000000,-31.108820000000000,ESCUELA BASICA ROSITA OHIGGINS
704,874,-71.04401,-31.23446,ESCUELA BASICA LAURITA VICUNA
705,875,-70.90685300000000,-31.000389000000000,ESCUELA BASICA PEDRO LIRA RENCORET
706,876,-71.18884300000001,-30.949610000000000,ESCUELA BASICA CLAUDIO MATTE
707,878,-71.19846872,-31.06631848,ESCUELA JOSE JOAQUIN VALLEJOS
708,879,-71.17722300000000,-31.030649000000000,ESCUELA BASICA BENJAMIN VICUNA MACKENNA
710,882,-71.00208788,-31.17784473,ESCUELA CINCO DE ABRIL
711,883,-71.18884,-30.94961,ESCUELA BASICA SAN LUIS AMIGO Y FERRER
712,884,-71.02535,-31.35436,ESCUELA BASICA JUAN FRANCISCO GONZALEZ
714,886,-70.90210700000000,-30.945471000000000,ESCUELA LA VARIOLA
715,887,-70.96785000000000,-31.200331000000000,ESCUELA BASICA CAUPOLICAN
716,888,-70.93997200000000,-31.223150000000000,ESCUELA BASICA BOSQUE DE QUILLAY
717,889,-71.00546265,-31.0698452,ESCUELA BASICA PAUL HARRIS
718,890,-70.95153800000000,-31.137039000000000,ESCUELA PARTICULAR LOS SAPOS
719,891,-70.96758300000000,-31.087040000000000,ESCUELA PARTICULAR RINCON DE LAS CHILCAS
720,892,-70.83200800000000,-31.121071000000000,ESCUELA PARTICULAR EL DURAZNO
722,896,-71.05033100000000,-31.072800000000000,ESCUELA PARTICULAR LA COLORADA
723,897,-71.25631700000000,-30.833639000000000,ESCUELA BELGICA
725,899,-71.09355900000000,-30.819811000000000,ESCUELA LUZ DE LUNA
726,900,-71.46408800000000,-31.094259000000000,ESCUELA BASICA LA HIGUERA DE QUILE
727,901,-71.21313526,-30.83972621,ESCUELA VINA VIEJA
728,902,-71.51013900000000,-30.842051000000000,ESCUELA BASICA ELENA CAFFARENA
729,904,-71.35621600000000,-30.727690000000000,ESCUELA CAMPO LINDO
730,905,-71.40181699999999,-30.751520000000000,ESCUELA CHALINGA
731,906,-71.46629299999999,-30.867960000000000,ESCUELA LOS CANELOS
732,907,-71.31321000000000,-30.897840000000000,ESCUELA HIJOS DEL PERAL
733,908,-71.42661300000000,-30.639420000000000,ESCUELA TABALI
734,909,-71.39846799999999,-30.879551000000000,ESCUELA LOS AZAHARES DE CERRO BLANCO
735,910,-71.48516100000001,-30.657480000000000,ESC.BASICA SAN ANTONIO DE LA VILLA
736,911,-71.42302700000000,-30.867170000000000,ESCUELA LOS TRIGOS
738,914,-71.55451200000000,-30.901939000000000,ESCUELA PENA BLANCA
739,915,-71.34261300000000,-30.645380000000000,ESCUELA MARCOS RIGOBERTO PIZARRO ARAYA
740,916,-71.5002,-30.66797,ESCUELA BARRAZA BAJO
741,917,-71.39185300000000,-30.813351000000000,ESCUELA RINCON DE LA CALERA
745,922,-71.22154999,-30.79517746,ESCUELA BASICA LAS NIPAS
746,923,-71.52781700000000,-31.043060000000000,ESCUELA EL MAQUI DE QUILE
747,924,-71.28054800000000,-30.689211000000000,ESCUELA LOS ACACIOS
748,925,-71.50155599999999,-30.950649000000000,ESCUELA BASICA VILLA LOS QUILES
749,926,-71.16289333,-30.76693262,ESCUELA ALTAR ALTO
750,928,-71.28968000000000,-30.764839000000000,ESCUELA BASICA GRANEROS
751,929,-71.34184999999999,-30.736570000000000,ESCUELA LOS NOGALES
752,931,-71.28173099999999,-30.840330000000000,ESCUELA SAN ANTONIO DE PADUA
753,932,-71.30361900000000,-30.725189000000000,ESCUELA UNION CAMPESINA
754,933,-71.15347300000001,-30.810030000000000,ESCUELA LAS CRUCES
755,934,-71.35439300000000,-30.860861000000000,ESCUELA BEATRIZ VEGA VEGA
756,935,-71.51808200000001,-30.683649000000000,ESCUELA SALALA
757,936,-71.41767900000001,-30.739660000000000,ESCUELA EL ESPINAL
758,937,-71.54355600000000,-30.763000000000000,ESCUELA ALCONES BAJOS
759,939,-71.30812100000000,-31.071030000000000,ESCUELA ALMENDRO DE QUILE
760,940,-71.40477000000000,-31.066389000000000,ESCUELA SAN PEDRO
763,943,-71.59931200000000,-31.127560000000000,ESCUELA PADRE PABLO DIEHL HARTMAN
764,945,-71.14742300000000,-30.848410000000000,ESCUELA SOL NACIENTE
765,946,-71.25626400000000,-30.797131000000000,ESCUELA TERESITA DE LOS ANDES
766,947,-71.24189800000001,-30.713751000000000,ESCUELA AURORA DE CHILE
767,948,-71.53942900000000,-30.790920000000000,ESCUELA BASICA LAS AGUILAS
768,949,-71.40720399999999,-31.122160000000000,ESCUELA EL DURAZNO DE QUILE
769,950,-71.64156300000000,-30.963961000000000,ESCUELA LA CEBADAS
770,951,-71.41387899999999,-30.771000000000000,ESCUELA LA CALERA DE SAN JULIAN
771,952,-71.56649000000000,-30.829201000000000,ESCUELA BASICA LOS CIENAGOS
772,953,-71.48976100000000,-30.710770000000000,ESCUELA PATRICIO ZEBALLOS
773,954,-71.40955400000000,-30.921709000000000,ESCUELA EL AJIAL DE QUILE
774,955,-71.26116900000000,-30.928499000000000,ESCUELA VILLA LOS CORRALES
775,956,-71.29020700000000,-30.949480000000000,ESCUELA PORTEZUELOS BLANCOS
776,957,-71.28885699999999,-30.793209000000000,ESCUELA EL CIENAGO
777,959,-71.25536300000000,-30.837891000000000,COLEGIO PARTICULAR SALI HOCHSCHILD
778,960,-71.28790300000000,-30.899700000000000,ESCUELA PARTICULAR EL LLANITO
779,962,-71.51791,-31.14104,ESCUELA ALGARROBO DE HORNILLOS
780,963,-71.56139400000001,-30.986450000000000,ESCUELA PARTICULAR EL TENIENTE
781,964,-71.17329407000000,-31.635339740000000,ESCUELA BASICA MUNICIPAL DE ADULTOS
782,967,-71.16838799999999,-31.634380000000000,LICEO DOMINGO ORTIZ DE ROZAS
783,968,-71.17826100000001,-31.641211000000000,LICEO POLITECNICO PABLO RODRIGUEZ CAVIEDES
784,969,-71.16098800000000,-31.630440000000000,ESCUELA BASICA VALLE DEL CHOAPA
785,970,-71.16824300000000,-31.631870000000000,ESCUELA JUAN CARRASCO RISCO
786,971,-71.16634400000000,-31.632299000000000,ESCUELA BASICA SAN RAFAEL DE ROZAS
787,972,-71.17476700000000,-31.630810000000000,ESCUELA BASICA JORGE ARACENA RAMOS
788,973,-71.06674200000000,-31.590250000000000,ESCUELA BASICA CLEMENCIA VILLARROEL
789,974,-71.27024800000000,-31.726431000000000,ESCUELA BASICA CAMILO HENRIQUEZ
790,976,-71.15941599999999,-31.754379000000000,ESCUELA BASICA LAS PALMERAS DE LIMAHUIDA
791,977,-71.12354999999999,-31.738119000000000,ESCUELA BASICA GRACIELA DIAZ ALLENDE
792,978,-71.01152800000000,-31.435101000000000,ESCUELA BASICA MATANCILLA
794,981,-71.20790900000000,-31.727650000000000,ESCUELA BASICA CHOAPA LINDO
795,982,-71.19174200000000,-31.642031000000000,ESCUELA BASICA VILLA LOS NARANJOS
796,983,-71.36487084,-31.62371776,ESCUELA BASICA LAS LILAS DE TUNGA NORTE
797,984,-71.35430100000001,-31.641781000000000,ESCUELA BASICA TUNGA SUR
798,985,-71.13094300000000,-31.609970000000000,ESCUELA BASICA ASIENTO VIEJO
799,986,-71.14643900000000,-31.466169000000000,ESCUELA BASICA LAS CHINCHILLAS DE COCOU
800,987,-71.16896800000001,-31.634621000000000,COLEGIO SANTA TERESA
801,988,-71.15876799999999,-31.627640000000000,LICEO PARTICULAR LUIS ALBERTO VERA
802,990,-71.30699900000000,-31.707001000000000,ESCUELA PARTICULAR LAS CANAS
803,991,-71.22680699999999,-31.636089000000000,ESCUELA PARTICULAR QUEBRADA EL PERAL
804,993,-71.26154300000000,-31.733610000000000,ESCUELA PARTICULAR CANELILLO ALTO
805,994,-71.05193300000001,-31.414909000000000,ESCUELA PARTICULAR RINCON DEL ROMERO
806,995,-70.85119600000000,-31.555550000000000,ESCUELA PARTICULAR CAREN
807,996,-71.14544700000000,-31.782049000000000,ESCUELA PARTICULAR EL LANCO
808,997,-71.02249146000000,-31.612800600000000,ESCUELA PARTICULAR QUEBRADA DE CARCAMO
809,998,-71.32681300000000,-31.636999000000000,ESCUELA PARTICULAR ILTA
810,999,-71.24408699999999,-31.700279000000000,ESCUELA PARTICULAR 18 DE SEPTIEMBRE
811,1000,-71.08562458000000,-31.406934570000000,ESCUELA PARTICULAR SAN ENRIQUE
812,1001,-71.19113900000001,-31.602579000000000,ESCUELA PARTICULAR HERMINIA RAMOS
813,1002,-71.16233800000001,-31.816389000000000,ESCUELA PARTICULAR EL SOCAVON
814,1003,-71.16820526,-31.62715721,ESCUELA PARTICULAR SAN ROMUALDO
815,1004,-70.92672700000000,-31.576521000000000,ESCUELA PARTICULAR LA CAPILLA
816,1005,-71.36419700000000,-31.637659000000000,ESCUELA PARTICULAR RINCON DE TUNGA
817,1006,-70.99794000000000,-31.577030000000000,ESCUELA MANUEL JOSE IRARRAZAVAL
818,1007,-71.119427,-31.64567172,ESCUELA PARTICULAR CANAS DE MICHIO
819,1008,-71.23033900000000,-31.504141000000000,ESCUELA PARTICULAR QUILLAICILLO
820,1010,-71.30122400000000,-31.662430000000000,ESCUELA PARTICULAR CUYUNTAGUA
821,1011,-71.20258300000000,-31.719219000000000,ESCUELA PARTICULAR MACUCO
822,1013,-70.96555300000000,-31.776440000000000,LICEO DE SALAMANCA
823,1014,-70.96501200000000,-31.778870000000000,ESCUELA MATILDE SALAMANCA
824,1015,-70.97736399999999,-31.768761000000000,ESCUELA BASICA DIAGUITAS DE CHALINGA
825,1016,-70.68205300000000,-31.899099000000000,ESCUELA TRANQUILLA
826,1017,-71.05639600000001,-31.791140000000000,ESCUELA BASICA BERTA HIDALGO BARAHONA
827,1018,-71.02252200000000,-31.785700000000000,ESCUELA EL TAMBO
828,1019,-70.73092699999999,-31.883080000000000,ESCUELA BASICA CHILLEPIN
829,1020,-70.62133000000000,-31.897511000000000,ESCUELA BASICA GUISELA GAMBOA SALINAS
830,1021,-70.76104700000000,-31.704901000000000,ESCUELA ZAPALLAR
831,1022,-70.77279700000000,-31.901310000000000,ESCUELA COIRON
833,1024,-70.84293061,-31.84461799,ESCUELA LLIMPO
834,1025,-70.83706786,-31.83031596,ESCUELA LA HIGUERILLA
835,1027,-70.84308600000000,-31.864700000000000,ESCUELA BASICA QUELEN BAJO
838,1030,-70.95057700000000,-31.737829000000000,ESC.BASICA GUILLERMO BARRIOS VARGAS
839,1031,-71.05438200000000,-31.758249000000000,ESCUELA BASICA JULIO ECHAVARRIA
840,1032,-70.83130600000000,-31.732019000000000,ESCUELA BASICA SAN AGUSTIN
841,1033,-70.87621300000001,-31.841150000000000,ESCUELA BASICA PANGUESILLO
842,1034,-70.60997800000000,-31.944490000000000,ESCUELA LOS CORRALES
843,1036,-70.96536300000000,-31.782030000000000,COLEGIO PARTICULAR SAN FRANCISCO DE ASIS
844,1037,-70.92044100000000,-31.738029000000000,ESCUELA PARTICULAR HUANQUE
845,1038,-70.97644000000000,-31.853340000000000,ESCUELA PARTICULAR EL PALQUIAL
846,1039,-71.16740856,-31.63063308,ESCUELA BASICA JORQUERA
847,1040,-70.86437200000000,-31.689421000000000,ESCUELA PARTICULAR LAS JARILLAS
848,1041,-70.83850099999999,-31.897570000000000,ESCUELA PARTICULAR CAJON DE QUELEN
849,1042,-71.01753200000000,-31.823099000000000,ESCUELA MUNICIPAL COLLIGUAY
850,1044,-70.94158899999999,-31.707541000000000,ESCUELA PARTICULAR MANQUEHUA
851,1045,-70.96322600000001,-31.781349000000000,ESCUELA PARTICULAR PUNTA NUEVA
852,1046,-70.93041200000000,-31.981371000000000,ESCUELA PARTICULAR PLANTA PELADEROS
853,1047,-70.95707700000000,-31.883551000000000,ESCUELA PARTICULAR VALLE CAMISAS
854,1048,-71.51492300000000,-31.912109000000000,LICEO NICOLAS FEDERICO LOHSE VARGAS
855,1049,-71.50980400000000,-31.911640000000000,COLEGIO DIEGO DE ALMAGRO
856,1050,-71.52567300000000,-32.142391000000000,ESCUELA BASICA ERCOLE BENCINI
857,1051,-71.49060799999999,-32.116871000000000,ESCUELA BASICA TERESA CANNON DE B.
858,1052,-71.31301100000000,-32.109779000000000,ESCUELA BASICA PABLO BARRIOLHET
859,1053,-71.37500799999999,-32.131630000000000,ESCUELA BASICA FORJADORES DE CHILE
861,1055,-71.39436300000000,-32.045319000000000,ESCUELA LOS MAQUIS
862,1059,-71.13952600000000,-31.931490000000000,ESCUELA CLARA VIAL ORREGO
863,1061,-71.16870100000000,-32.086609000000000,ESCUELA TILAMA
864,1062,-71.15428900000001,-32.033501000000000,ESC.PDTE.FEDERICO ERRAZURIZ ECHAURREN
865,1063,-71.31938900000000,-31.865561000000000,ESCUELA
866,1064,-71.16262100000000,-32.144748999999990,ESCUELA BASICA EL QUELON
867,1065,-71.37293200000001,-32.174320000000000,ESCUELA BASICA EL MANZANO
868,1066,-71.51524400000000,-31.913450000000000,ESCUELA PARTICULAR DIVINA PROVIDENCIA
870,1068,-71.22399900000001,-32.046581000000000,ESCUELA PARTICULAR CULIMO
871,1069,-71.32147200000000,-31.872061000000000,ESCUELA PARTICULAR MINA LAS VACAS
872,1070,-71.18459703,-31.92226413,ESCUELA PARTICULAR PUPIO
873,1071,-71.08508300000000,-31.960440000000000,ESCUELA PARTICULAR EL ROMERO
874,1072,-71.30613700000001,-32.058472000000000,ESCUELA PARTICULAR INFIERNILLO
875,1073,-71.11696625,-31.90989876,ESCUELA PARTICULAR EL RINCON
877,1076,-71.36633300000000,-32.135170000000000,ESCUELA PARTICULAR MAIMALICAN
878,1077,-71.45768000000000,-31.400040000000000,ESCUELA BASICA HECTOR JORQUERA VALENCIA
879,1078,-71.53666699999999,-31.580410000000000,ESCUELA BASICA JUAN ANTONIO RIOS
881,1080,-71.57330300000000,-31.413420000000000,ESC.BASICA JOSE ANTONIO ECHAVARRIA
882,1081,-71.42003600000000,-31.418119000000000,ESC.BASICA EUSEBIO LILLO ROBLES
883,1082,-71.33381700000000,-31.490780000000000,ESC.BASICA MERCEDES MARIN DEL SOLAR
884,1083,-71.42508700000000,-31.466249000000000,ESCUELA BASICA CARQUINDANO
885,1084,-71.42117300000000,-31.288090000000000,ESCUELA BASICA JABONERIA
886,1085,-71.38326300000000,-31.349920000000000,ESCUELA BASICA PABLO NERUDA
887,1086,-71.36460876000000,-31.292737960000000,ESCUELA BASICA MARIANO LATORRE
888,1087,-71.38256800000001,-31.391460000000000,ESCUELA BASICA CANELA ALTA
890,1090,-71.37899779999999,-31.500516890000000,ESC.BASICA CARLOS IBANEZ DEL CAMPO
891,1092,-71.44700600000000,-31.587320000000000,ESCUELA BASICA MINCHA NORTE
892,1093,-71.33737200000000,-31.563141000000000,ESCUELA BASICA ATELCURA ALTA
893,1094,-71.47792800000001,-31.294769000000000,ESCUELA BASICA POZA HONDA
894,1095,-71.43269300000000,-31.599100000000000,ESCUELA BASICA SARGENTO ALDEA
895,1096,-71.25174699999999,-31.360849000000000,ESCUELA BASICA LOS POZOS
896,1097,-71.42182922000001,-31.200328830000000,ESCUELA BASICA ESPIRITU SANTO
898,1099,-71.23191799999999,-31.233801000000000,ESCUELA VIOLETA PARRA
899,1100,-71.52452099999999,-31.608971000000000,ESC.BASICA CARLOS VIAL ESPANTOSO
900,1101,-71.35031900000000,-31.529100000000000,ESCUELA BASICA JOSE MIGUEL CARRERA
901,1102,-71.46199799999999,-31.209600000000000,ESCUELA BASICA BALDOMERO LILLO FIGUEROA
902,1103,-71.50280827,-31.22927113,ESCUELA BASICA  VICTOR DOMINGO SILVA
903,1104,-71.44843299999999,-31.249701000000000,ESCUELA LA CORTADERA
906,1108,-71.30808300000000,-31.384630000000000,ESCUELA BASICA MARTA BRUNETT
907,1109,-71.33030700000000,-31.336100000000000,ESCUELA BASICA GABRIELA MISTRAL
908,1112,-71.31908365,-31.52459073,ESCUELA PARTICULAR EL POTRERO
909,1113,-71.34207200000000,-31.256660000000000,ESCUELA BASICA SALVADOR REYES
910,1114,-71.43763700000000,-31.362591000000000,ESCUELA PARTICULAR EL CHILCAL
912,1116,-71.34945700000000,-31.409580000000000,ESCUELA PARTICULAR CANELILLA
913,1117,-71.48615300000000,-31.452641000000000,ESCUELA PARTICULAR LOS TOMES
8733,11100,-70.83299765,-29.70239637,COLEGIO CONDORIACO
8734,11102,-71.34877699,-29.96129952,ESCUELA MANUEL MAGALLANES MOURE
8735,11103,-71.33971086000000,-29.963132670000000,COLEGIO LOS CARRERA
8736,11105,-71.24764999999999,-29.962080000000000,COLEGIO PARTICULAR MIGUEL DE CERVANTES
8737,11106,-71.20027899999999,-30.606621000000000,COLEGIO PARTICULAR SANTA MARIA
8738,11107,-71.20488769000001,-30.604595440000000,COLEGIO PART.SANTA TERESA DE JESUS
8739,11110,-70.67060900000000,-30.277651000000000,LICEO JORGE IRIBARREN CHARLIN DE HURTADO
8740,11111,-71.25489000000000,-30.833229000000000,LICEO ALBERTO GALLARDO LORCA
8741,11113,-71.67209600000000,-30.900339000000000,BASICA COMUN DELIA ANDRADE DE TELLO
8742,11114,-71.24984000000001,-29.900490000000000,COLEGIO NUEVO MUNDO
8743,11116,-71.24841000000001,-29.927010000000000,JARDIN INFANTIL LAS ABEJITAS
8744,11117,-71.23959000000001,-29.906837000000000,JARDIN INFANTIL EL SOLDADITO
8745,11120,-71.34087038000000,-29.959973990000000,JARDIN INFANTIL CARRUSEL
8746,11122,-71.33642000000000,-29.968548000000000,JARDIN INFANTIL DEL HOSPITAL DE COQUIMBO
8748,11127,-71.19824000000000,-30.596834000000000,JARDIN INFANTIL TOÑITO
8750,11130,-71.18720200000000,-31.645370000000000,COLEGIO SAN IGNACIO DE LOYOLA
8751,11133,-71.33933300000000,-29.962021000000000,COLEGIO PARTICULAR SAN GABRIEL
8752,11136,-71.19418000000000,-30.604742000000000,COLEGIO SAN ALBERTO HURTADO CRUCHAGA
8753,11138,-71.25216000000000,-29.906588000000000,JARDIN INFANTIL PILLIN
8754,11139,-71.25428800000000,-29.963869000000000,LICEO FERNANDO BINVIGNAT MARIN
8755,11144,-71.25090800000000,-29.959820000000000,ESCUELA DIEGO DE ALMEYDA
8756,11145,-71.25684400000000,-29.966249000000000,COLEGIO PARTICULAR CALASANZ
8757,11147,-71.16262800000000,-31.628370000000000,COLEGIO MANANTIAL
8758,11148,-71.14985014,-31.62408681,ESCUELA BASICA LA PUNTILLA NORTE
8760,11153,-71.32137299999999,-31.315580000000000,ESCUELA LA PARRITA
8761,11154,-71.59610748000000,-31.326726910000000,ESCUELA BASICA EL TOTORAL
8762,11155,-71.23166700000000,-29.886990000000000,LICEO JORGE ALESSANDRI RODRIGUEZ
8763,11156,-71.16750000000000,-31.630577000000000,CENTRO DE DETENCION PREVENTIVA
8764,11157,-71.25347900000000,-29.914980000000000,COLEGIO LIBERTADOR SIMON BOLIVAR
9581,12765,-71.50695899999999,-31.913303000000000,ESCUELA ESPECIAL DIVERSIA
9587,12774,-71.23241400000001,-29.887165000000000,ESCUELA ESPECIAL DE LENGUAJE PEQUEÑAS CUMBRES
9589,12776,-71.33997599999999,-29.962576000000000,ESCUELA DE LENGUAJE MI MUNDO DE LETRAS
9592,12779,-71.23282600000000,-29.949930000000000,COLEGIO ALTOS DEL CERRO GRANDE
9593,12780,-71.25088049999999,-29.886624000000000,COLEGIO EDUCACION ESPECIAL ZAYED
9594,12781,-71.26381000000001,-29.898990000000000,AMAZING GRACE ENGLISH SCHOOL
9822,13300,-71.22835000000001,-29.952143000000000,COLEGIO ALEMAN
9823,13302,-71.34059100000000,-32.022259000000000,ESCUELA PARTICULAR CERRO BLANCO
9824,13303,-71.26112366000000,-29.940576550000000,COLEGIO CONEJITO CHIMBUN Y SUS AMIGOS
9826,13305,-71.24223300000000,-29.947689000000000,COLEGIO TRINITY
9827,13309,-71.25485999999999,-30.871149000000000,ESC. BASICA LA HIGUERA DE PUNITAQUI
9830,13312,-70.83258100000000,-31.125469000000000,ESCUELA PARTICULAR CHEPICA
9831,13313,-71.34169000000000,-29.977051000000000,COLEGIO FRANCIS SCHOOL
9832,13314,-71.33042900000000,-29.991880000000000,COLEGIO CRISTOBAL COLON
9835,13319,-71.26618000000001,-29.934664000000000,SCUOLA ITALIANA ALCIDE DE GASPERI
9836,13320,-71.49085200000000,-30.260481000000000,COLEGIO PARTICULAR TONGOY
9839,13324,-71.34538999999999,-29.984310000000000,COLEGIO SANTA MARIA DE BELEN N_ 162
9840,13325,-70.92720348,-30.97028454,ESCUELA JOSE RAFAEL SALINAS
9841,13328,-71.24043000000000,-29.913246000000000,JARDIN INF  DE LA UNIVERSIDAD DE LA SERENA
9842,13329,-71.25344100000000,-29.923272000000000,JARDIN INFANTIL HAPPY KING
9843,13330,-71.25227400000000,-29.906549000000000,COLEGIO PARTICULAR PIERROT
9844,13331,-71.33040619000001,-29.973897930000000,JARDIN INFANTIL PIN UNO- PIN DOS
9845,13332,-71.34183347000000,-29.987810120000000,COLEGIO SAINT MARY SCHOOL
9846,13333,-71.08103199999999,-29.980049000000000,ESC. FAMILIAR AGRICOLA VALLE DEL ELQUI
9849,13336,-71.12509900000001,-30.975389000000000,ESCUELA BASICA JOSE IGNACIO ZENTENO
9851,13339,-71.24374000000000,-29.900415000000000,JARDIN INFANTIL SAN DANIEL
9852,13341,-71.33429700000001,-29.983101000000000,COLEGIO PART. KOMVUX - COQUIMBO
9853,13342,-71.34355900000000,-29.960100000000000,COLEGIO PARTICULAR SAN FRANCISCO JAVIER
9855,13344,-71.24447600000001,-29.871950000000000,COLEGIO AMERICANO
9857,13350,-71.24560547000000,-29.876611710000000,JARDIN INFANTIL LE PETIT ENFANT
9859,13352,-71.41494000000000,-31.389160000000000,LICEO POLIV.PADRE JOSE HERDE P-LHER
9861,13356,-71.25675200000001,-29.928570000000000,COLEGIO ALBERT EINSTEIN
9863,13358,-70.96428700000000,-29.950050000000000,ESCUELA JUAN RENDIC
9865,13360,-71.24887099999999,-29.924580000000000,COLEGIO SAN NICOLAS
9866,13361,-71.34294900000000,-29.964211000000000,KID´S WORLD SCHOOL
9867,13362,-70.80937200000000,-30.726231000000000,ESCUELA BASICA LOS ANGELES DE RAPEL
9868,13363,-71.29340400000000,-30.745501000000000,ESCUELA BASICA MUNICIPAL LA GRANJITA
9869,13364,-71.22081737,-30.81288577,ESCUELA BASICA MUNICIPAL EL PIDEN
9870,13365,-70.87338300000000,-30.509649000000000,ESCUELA BASICA MINILLAS
9874,13370,-71.26876285000000,-29.952255950000000,COLEGIO DEL ALBA
9875,13372,-71.26154300000000,-29.945110000000000,COLEGIO FRANCISCO PALAU
9876,13373,-71.27015700000000,-29.952560000000000,COLEGIO PARTICULAR LEONARDO DA VINCI
9878,13375,-71.16697700000000,-31.870640000000000,ESCUELA BASICA EL MEMBRILLO
9879,13376,-71.23724400000000,-29.888479000000000,COLEGIO SAN MANUEL
9881,13378,-71.25033999999999,-29.923300000000000,COLEGIO SER
9882,13379,-71.21114300000001,-31.738779000000000,ESCUELA BASICA CUMBRE DE LOS ANDES
9883,13380,-70.89048800000000,-31.585859000000000,ESCUELA BASICA MUNICIPAL LOS PERALES
9886,13383,-70.96597300000001,-31.774059000000000,COLEGIO CAMBRIDGE SCHOOL
9887,13384,-71.23278800000000,-29.884769000000000,SAINT JOHN´S SCHOOL
9889,13387,-71.19231415000000,-30.601518630000000,COLEGIO DE ARTES ELISEO VIDELA JORQUERA
9890,13388,-71.24651299999999,-29.923450000000000,COLEGIO SANTO TOMAS LA SERENA
9891,13389,-71.24787900000000,-29.934774000000000,JARDIN INFANTIL RICITOS DORADOS
9895,13393,-71.24812317000000,-29.920183180000000,JARDIN INFANTIL MUNDO CLUB
9896,13394,-70.96090700000001,-31.781540000000000,CORAZON DE JESUS
9897,13395,-70.96007500000000,-31.778610000000000,ESCUELA ESPECIAL HOLANDA
9898,13396,-71.33534200000000,-29.973860000000000,CENTRO EST.Y DES.INTEGRAL DEL NINO
9900,13398,-71.51147460999999,-31.911907200000000,JARDIN INFANTIL TISKA MAMA
9902,13401,-71.36190000000001,-29.984518000000000,JARDIN INFANTIL CINDERELLA
9904,13403,-71.25933838000000,-29.971656800000000,JARDIN INFANTIL LOS ROBLECITOS
9905,13405,-71.25543976000000,-29.964115140000000,JARDIN INFANTIL MUNDO FELIZ
9906,13406,-71.25064999999999,-29.898232000000000,JARDIN INFANTIL PIECECITOS DE NINO
9911,13411,-71.25139600000000,-29.925997000000000,JARDIN INFANTIL FUERTE ALEGRIA
9912,13412,-70.83055100000000,-30.705460000000000,COLEGIO BASICO RENACER DE CERRILLOS
9915,13415,-71.24592000000000,-29.907623000000000,LICEO DE ADULTOS MAX PLANCK
9916,13416,-71.25757599000001,-29.932012560000000,COLEGIO ARTISTICO CULTURAL FORM-ARTE
9917,13417,-71.23594700000000,-29.886511000000000,COLEGIO ELQUI
9919,13420,-71.23967700000000,-29.868610000000000,COLEGIO NUESTRA SENORA DE ANDACOLLO
9921,13423,-70.66899900000000,-30.275320000000000,ESCUELA BASICA AMANECER
9922,13424,-71.21306610000001,-29.920011520000000,JARDIN INFANTIL SUEÑO AZUL
9924,13426,-71.24858100000000,-29.899290000000000,COLEGIO SAN LUCAS
9925,13427,-70.97139000000000,-30.696400000000000,COLEGIO LOS CONQUISTADORES
9926,13428,-71.20583300000000,-31.648270000000000,ESCUELA BASICA SAN ISIDRO DE CUZ CUZ
9932,13434,-71.24572999999999,-29.929061000000000,COLEGIO SAN JOAQUIN
9934,13437,-71.25069999999999,-29.923143000000000,COLEGIO MONTEGRANDE
9936,13439,-71.20207200000000,-30.591961000000000,COLEGIO PUCARA
9939,13442,-71.33412900000000,-29.990540000000000,COLEGIO SANTA FAMILIA
9942,13445,-71.34113300000000,-29.966181000000000,COLEGIO ESPANOL
9943,13446,-71.21363100000001,-29.920200000000000,MARIA EDUCA
9946,13450,-71.25544307000000,-29.923611020000000,COLEGIO ANDRES BELLO - PAMPA
9947,13451,-71.26593018000000,-29.950408940000000,JARDIN INFANTIL JESUS DE NAZARET
9948,13453,-71.25900917000000,-29.970863030000000,JARDIN INFANTIL MICHEY MOUSE
9950,13455,-71.10429400000000,-31.601482000000000,ESCUELA ESPECIAL ILLAPEL
9952,13457,-71.19661713000001,-30.599355700000000,JARDIN INFANTIL MI BEBITO
9955,13460,-71.32902000000000,-29.984690000000000,JARDIN INFANTIL HAPPY HOUSE
9956,13461,-71.49340100000001,-30.262640000000000,LICEO CARMEN AURORA RODRIGUEZ HENRIQUEZ
9957,13462,-70.96056366000001,-30.686729430000000,COLEGIO CERRO GUAYAQUIL
9958,13463,-71.23944100000000,-29.870449000000000,COLEGIO CARLOS CONDELL DE LA HAZA
9960,13465,-70.96180000000000,-31.796480000000000,ESCUELA BASICA JESUS NAZARENO
9961,13467,-71.34191100000000,-29.942120000000000,COLEGIO SANTA MARIA DEL REFUGIO
9963,13469,-71.21951294000000,-29.916952130000000,JARDIN INFANTIL GRAN MOZART
9965,13471,-71.21326000000001,-29.917728000000000,ESC. ESPECIAL DE TRAN. DE LA COM. SANTA LUISA
9967,13473,-71.24000500000000,-29.876960000000000,ESC. ESP. DE TRANST. DE LA COM. NUEVO AMANECE
9968,13474,-71.23858600000000,-29.874451000000000,COLEGIO LA MISION
9969,13475,-71.23269700000000,-29.875570000000000,COLEGIO SAN MARTIN DE PORRES
9970,13476,-71.25461000000000,-29.905317000000000,JARDIN INFANTIL EL MUNDO DE LOS PELUSITAS
9972,13478,-71.25435000000000,-29.922012000000000,JARDIN INFANTIL MI RINCON
9973,13479,-71.25819000000000,-29.958744000000000,ESCUELA ESPECIAL EL SENDERO
9974,13480,-71.20671000000000,-30.596727000000000,ESCUELA ESPECIAL PALABRITAS
9975,13481,-71.20152000000000,-30.603779000000000,ESCUELA ESPECIAL GALILEO
9976,13482,-71.17525000000001,-31.634089000000000,ESC. ESPECIAL DE TRAST. DE LA COMUN. PLUMA D
9977,13484,-71.34032400000000,-29.978140000000000,ESCUELA ESP. TRANS. DE LA COM. ENTREMUNDOS
9979,13486,-71.49170700000001,-31.890650000000000,COLEGIO SAN FRANCISCO JAVIER
9981,13488,-71.24652000000000,-29.923490000000000,ESCUELA ESP. DE TRANS. DE LA COM. NUEVA BELEN
9982,13489,-71.25682100000000,-29.972420000000000,COLEGIO MARIA EDUCA
9984,13491,-71.26696800000001,-29.951099000000000,COLEGIO ALTAZOR
9986,13493,-71.18574000000000,-30.581910000000000,ESCUELA DE LENGUAJE RENACER
9987,13494,-70.93802599999999,-30.781900000000000,ESCUELA BASICA LA VILLA
9990,13498,-71.32721700000000,-30.950451000000000,ESCUELA BASICA ALTOS DE PECHEN
9991,13499,-71.24834000000000,-29.957296000000000,ESC.ESP.DE TRANST. DE LA COM. CEDIN - TIERRA
9992,13500,-71.15713000000000,-31.625523000000000,ESC.ESP.DE TRANST.DE LA COM. CUNA DE CONDORES
9993,13501,-71.24750000000000,-29.966333000000000,JARDIN INFANTIL PUCARA
9994,13503,-71.26003300000001,-29.934879000000000,COLEGIO VALENTIN LETELIER
9995,13504,-71.29338799999999,-29.977430000000000,COLEGIO SAN LORENZO
9996,13505,-70.96845999999999,-31.771328000000000,ESC.ESP.DE TRANST.ESPEC. DE LENG. SAN SEBASTI
9997,13506,-71.25649000000000,-30.831184000000000,COLEGIO AYELEN
10001,13510,-71.22974400000000,-29.885750000000000,ESC.ESP.DE TRANST. ESPEC. DEL LENGUAJE GUAYAS
10003,13512,-70.72029900000000,-30.031490000000000,COLEGIO JOAQUIN VICUÐA LARRAIN
10004,13513,-71.18298299999999,-30.596100000000000,COLEGIO DALMACIA
10005,13514,-71.24770400000000,-29.957371000000000,COLEGIO MARIA DE ANDACOLLO
10006,13515,-71.00108000000000,-31.179602000000000,ESCUELA ESPECIAL Y LENGUAJE ROCIO
10007,13517,-70.70804000000000,-30.034140000000000,ESCUELA ESPECIAL DE LENGUAJE SAN GUILLERMO
10008,13518,-71.25525700000000,-29.964081000000000,COLEGIO ARAUCO
10014,13524,-71.17398000000000,-31.633615000000000,ESCUELA ESPECIAL ALCAZAR
10015,13525,-71.25394000000000,-29.957752000000000,COLEGIO OLIMPO
10017,13527,-71.23308000000000,-29.949745000000000,COLEGIO AGUILA MAYOR
10018,13528,-71.34169000000000,-29.960712000000000,COLEGIO ADULTOS SAN LUIS
10019,13529,-71.25697327000000,-29.970899580000000,JARDIN INFANTIL EL BOSQUE
10020,13530,-71.32915500000000,-29.972258000000000,ESC. DE TRAST. ESPECIFICOS DE LEGUAJE JOSE M
10021,13531,-71.49882500000000,-31.905630000000000,ESC. ESP.TRASTORNO LENGUAJE MANATI
10022,13532,-71.19163512999999,-30.606325150000000,ESCUELA DE PARVULOS HAPPY KINDER
10023,13534,-70.96458400000000,-31.775770000000000,ESC.ESP.DE TRAST.ESPECIFICOS DEL LENGUAJE AYE
10024,13535,-71.21003700000000,-29.925329000000000,COLEGIO CERRO GRANDE
10025,13536,-71.34229999999999,-29.986458000000000,JARDIN INFANTIL SANTA ANNA
10026,13537,-71.24452966,-29.87952933,LICEO PADRE COLL
10027,13538,-71.20697783999999,-30.604125980000000,JARDIN INFANTIL PARVUS
10028,13539,-71.32788100000000,-29.996759000000000,ESCUELA LATINOAMERICA EDUCA
10029,13540,-71.20218000000000,-30.593105000000000,ESC.ESP.DE LENG.HABLA PALABRA NORTE
10030,13541,-71.01423000000000,-30.880472000000000,ESCUELA ESPECIAL SANTA ELENA
10031,13542,-71.25962800000001,-30.829821000000000,COLEGIO IRMA SALAS SILVA
10032,13543,-71.20154599999999,-30.590790000000000,ESCUELA ESPECIAL KIMELTU
10033,13544,-71.33720400000000,-29.983498000000000,JARDIN INFANTIL CASCANUECES
10034,13545,-71.00540900000000,-31.184170000000000,ESCUELA BASICA SAN FRANCISCO DE BORJA
10038,13551,-71.19291699999999,-30.584520000000000,COLEGIO MANANTIAL
10039,13552,-71.25797300000001,-29.922380000000000,COLEGIO CRISTIANO LA SERENA
10040,13553,-71.33753200000000,-29.962420000000000,COLEGIO SANTA HELENA COLLEGE
10041,13554,-71.25133500000000,-29.903217000000000,ESCUELA ESPECIAL KREATIVITAS
10042,13555,-70.61840095,-30.73992236,ESCUELA BASICA EL PALOMO
10044,13557,-71.24723800000000,-29.955950000000000,ESCUELA BASICA REPUBLICA DE ITALIA
10045,13558,-71.32544700000000,-29.970631000000000,INSTITUTO DE ADM. Y COMERCIO ESTADO DE ISRAEL
10046,13559,-71.33231400000000,-29.986120000000000,ESCUELA REPUBLICA DE GRECIA
10047,13560,-71.34928100000000,-29.951389000000000,ESCUELA PADRE ALBERTO HURTADO CRUCHAGA
10048,13561,-71.33159600000000,-29.990379000000000,LIC.DE CIENC.Y HUM.SAN JOSEMARIA ESCRIVA
10049,13562,-71.33986700000000,-29.936899000000000,ESCUELA JUAN PABLO II
10050,13563,-71.08001700000000,-30.238970000000000,COLEGIO NUESTRA SEÑORA DEL ROSARIO
10051,13565,-71.25093099999999,-29.882980000000000,COLEGIO MANANTIALES DE ELQUI
10052,13566,-71.08202400000000,-30.230221000000000,ESCUELA SAN LORENZO
10053,13567,-71.34820000000001,-29.956610000000000,ESC.ESP.DE TRAS.ESPEC. DEL LENGUAJE RINCON DE
10054,13568,-71.49749000000000,-31.909056000000000,ESC.ESP.DE TRAST.ESPEC.DE LENGUAJE AMANKAY
10055,13569,-71.50239000000001,-31.912998000000000,ESCUELA ESPECIAL RAYEN
10056,13570,-70.95681800000000,-31.788309000000000,ESCUELA MUNICIPAL VILLA SANTA ROSA
10058,13572,-71.19526999999999,-30.603830000000000,JARDIN INFANTIL EL MUNDO DE LOS PELUSITAS
10059,13573,-71.21234100000000,-30.611219000000000,COLEGIO TAMELCURA
10060,13574,-71.20481254000001,-29.922649270000000,COLEGIO CERVANTES
10061,13575,-71.34878500000001,-29.954714000000000,ESC.ESP.DE TRAST.ESPEC.DEL LENGUAJE PADRE ALB
10062,13576,-71.23046900000000,-29.886431000000000,LICEO TECNICO PROFESIONAL EDUCADOR JUAN BAUTISTA DE LA SALLE
10063,13577,-71.24742999999999,-29.925667000000000,ESCUELA ESPECIAL CONDEMARIN
10064,13579,-70.98139200000000,-31.176220000000000,COLEGIO SAN ISIDRO
10065,13580,-71.05744900000001,-29.995729000000000,COLEGIO PAULO FREIRE
10066,13582,-71.26431300000000,-29.942030000000000,COLEGIO TECNICO PROFESIONAL FLORENCIA NIGHTIN
10068,13584,-71.27204999999999,-29.954094000000000,ESCUELA PARA ADULTOS AMIGOS DEL PADRE HURTADO
10069,13585,-71.21325000000000,-29.919740000000000,JARDIN INFANTIL MI PEQUEÑO SUEÑO AZUL
10070,13586,-71.23248300000000,-29.872061000000000,COLEGIO CHRIST SCHOOL
10071,13587,-71.23134,-29.881582,COLEGIO ESPANOL FERMIN ZUNIGA
10074,13590,-71.19834100000000,-30.582541000000000,COLEGIO DE ADMINISTRACION Y COMERCIO EL INGENIO
10075,13591,-71.20629000000000,-30.603537000000000,CENTRO INTEGRAL DE ADULTOS LIMARI
10076,13592,-71.21580000000000,-29.979140000000000,LICEO TECNICO PROF. ADULTOS CORESOL DE LA SER
10077,13593,-71.33087900000000,-29.997339000000000,COLEGIO EUSEBIO LILLO PUNTA MIRA
10080,13597,-71.19865000000000,-30.590748000000000,ESCUELA ESP DE TRASTORNO DEL LENGUAJE VALLE D
10081,13598,-71.33750000000001,-29.962547000000000,ESCUELA ESPECIAL DEL ARTE DE HABLAR
10082,13599,-71.34350600000000,-29.987320000000000,ESCUELA ESPECIAL DE LENGUAJE MUNDO DE PALABRA
10083,13601,-71.29749000000000,-29.981320000000000,ESCUELA ESPECIAL DEL LENGUAJE BORDEMAR
10084,13602,-71.23366500000000,-29.885584000000000,ESCUELA ESPECIAL KONA - VARUA
10086,13604,-71.31031000000000,-29.966600000000000,COLEGIO RAKIDUAM
10088,13606,-70.71894800000000,-30.036289000000000,COLEGIO LEONARDO DA VINCI - VICUÑA
10089,13607,-71.35122000000000,-29.946777000000000,ESC. ESPECIAL DE LENGUAJE ALTO DEL MIRAMAR
10090,13608,-71.33262600000000,-29.988470000000000,COLEGIO GOLDEN HIND SCHOOL
10091,13609,-71.33898000000001,-29.944397000000000,ESCUELA ESP. DE LENGUAJE CORDILLERA
10092,13610,-71.12065900000000,-29.943090000000000,COLEGIO INTERCULTURAL
10093,13611,-71.08457000000000,-30.237888000000000,CENTRO DE EDUC. INTEGRAL DE ADULTOS ANDACOLLO
10094,13612,-71.33136700000000,-29.970831000000000,COLEGIO JOSE MARTI PEREZ
10095,13613,-71.32853000000000,-29.977905000000000,ESC. ESP. DE LENGUAJE HISPANOAMERICANA
10098,13617,-71.24334000000000,-29.946710000000000,JARDIN INFANTIL RUISEÑOR
10101,13620,-71.26027679000001,-29.974458690000000,JARDIN INFANTIL MI PEQUEÑO GENIO
10102,13621,-71.34454300000000,-29.967319000000000,COLEGIO DISCOVERY
10103,13622,-71.24209600000000,-29.936096000000000,JARDIN INFANTIL ANDALUE
10104,13623,-71.25271600000001,-29.973524000000000,ESC.ESP. DE LENGUAJE SAN CARLOS
10106,13625,-71.25187000000000,-29.982560000000000,ESCUELA DE LENGUAJE PAN DE AZUCAR
10107,13626,-71.34295700000000,-29.961580000000000,COLEGIO SAN LUIS
10108,13627,-70.97398400000000,-31.774700000000000,COLEGIO SAN SEBASTIÁN
10109,13629,-71.25722503999999,-29.959575650000000,JARDIN INFANTIL MELODIA
10110,13630,-71.19723500000001,-30.599377000000000,ESCUELA ESPECIAL DESPERTARES
10111,13632,-71.25420400000000,-29.972990000000000,COLEGIO HORIZONTES
10112,13633,-71.29972100000001,-29.970921000000000,ESCUELA SAN MARINO COLLEGE
10115,13636,-71.49301000000000,-30.259869000000000,ESC.ESP.DE LENG.HORIZONTES DE PALABRAS
10116,13637,-71.27716100000001,-29.956511000000000,COLEGIO HELLEN KELLER PEÑUELAS
11428,16771,-70.97039100000001,-31.774243000000000,JARDIN INFANTIL RENACER
11472,16818,-71.25124000000000,-29.902390000000000,JARDIN INFANTIL LE CYGNE
11550,16908,-71.19286000000000,-30.601900000000000,ESCUELA ESPECIAL DE LENGUAJE MATEITOS
11554,16912,-71.20957000000000,-29.919110000000000,ESCUELA ESPECIAL DE LENGUAJE AQUALUNA
11555,16913,-71.36073000000000,-29.986800000000000,ESCUELA ESPECIAL PADRE PIO
11558,16916,-71.26488000000001,-29.896700000000000,ESCUELA ESPECIAL DEL LENGUAJE ARBOLITO
11604,16969,-71.34533000000000,-29.982810000000000,JARDIN INFANTIL CONQUISTADORES
12465,20301,-71.21905000000000,-29.921210000000000,ESCUELA ESPECIAL DE TRANSTORNOS ESPECIFICOS DEL LENGUAJE ANDALUE
12466,20302,-71.22898000000001,-29.880180000000000,ESCUELA ESPECIAL DE LENGUAJE KOLIBRI
12470,20307,-71.25566000000001,-29.928550000000000,COLEGIO MONTAHUE
12487,20326,-71.26163805000000,-29.963452110000000,COLEGIO DE ADULTOS SU SANTIDAD JUAN PABLO II
12489,20328,-71.32635999999999,-29.993960000000000,ESCUELA ESPECIAL DE LENGUAJE SAN FRANCISCO DE ASIS
12493,20332,-71.32950000000000,-29.972920000000000,ESCUELA ESPECIAL DEL LENGUAJE ALEGRIA DEL SABER
12505,20346,-71.24167000000000,-29.883180000000000,ESCUELA ESPECIAL DE LENGUAJE PEQUEÑO MUNDO
12506,20347,-71.24563976000000,-29.873278690000000,C.E.I.A. AMIGOS DEL PADRE HURTADO
12513,20355,-71.34772000000000,-29.967080000000000,ESCUELA ESPECIAL DE LENGUAJE SAN SEBASTIAN
12514,20356,-71.25033150000000,-29.910150000000000,COLEGIO DE JOVENES Y ADULTOS BALMACEDA
12518,20360,-71.25944000000000,-29.941780000000000,ESCUELA ESPECIAL DE LENGUAJE ARBOLIRIS
12526,20369,-71.24631355000000,-29.907760740000000,CENTRO DE EDUCACION DE ADULTOS LA SERENA
12528,20372,-71.33699000000000,-29.997270000000000,ESCUELA ESPECIAL DE LENGUAJE EL SAUCE
12533,20377,-71.23618999999999,-29.873140000000000,ESCUELA ESPECIAL DE LENGUAJE SANTA MARIANA
12545,20390,-71.23935700000000,-29.877420000000000,COLEGIO CIELOS DEL VALLE
12557,20405,-71.32546000000001,-29.994360000000000,ESCUELA ESPECIAL DE LENGUAJE NUEVA HABLA PALABRA
12559,20407,-71.24052429000000,-29.868827820000000,ESCUELA ESPECIAL DE LENGUAJE Y PRE BASICA ALIWEN
12608,20463,-71.24325000000000,-29.949650000000000,ESCUELA ESPECIAL DE LENGUAJE TRAVESÍA
12612,20468,-71.24176799999999,-29.949219000000000,JARDIN INFANTIL KIDS EXPLORER
12613,20469,-70.71613060000000,-30.034348740000000,CENTRO DE EDUCACION INTEGRAL DE ADULTOS PAIHUEN DE VICUÑA
12642,20503,-71.22197792999999,-29.883707940000000,CEIA ADOLFO PEREZ ESQUIVEL
12644,20505,-71.33782600000001,-29.968593000000000,AULA HOSPITALARIA DE COQUIMBO
12652,20513,-71.29998000000001,-29.969070000000000,AMAZING GRACE ENGLISH SCHOOL - PEÑUELAS
12663,20564,-71.21417236000001,-30.615314480000000,JARDIN INFANTIL ANTUNEYEN
12678,20638,-71.26006000000000,-29.959690000000000,ESCUELA ESPECIAL DE LENGUAJE ANTAKARI
15457,31194,-71.25695000000000,-29.930700000000000,COLEGIO MONTEVERDI
15459,31196,-70.97356400000000,-31.773827000000000,ESCUELA ESPECIAL MUNDO NUEVO
15460,31197,-71.26327999999999,-29.943703000000000,JARDIN INFANTIL INTI
15461,31198,-71.30741882000000,-29.963399890000000,JARDIN INFANTIL MAGIC WORLD
15462,31199,-71.19675599999999,-29.923681000000000,COLEGIO DE EDUCACION ESPECIAL ALCALA
15463,31200,-71.23726000000001,-29.880667000000000,ESCUELA DE LENGUAJE MI SOLCITO
15464,31201,-71.24781000000000,-29.945719000000000,SAINT MARY SCHOOL - EL MILAGRO
15465,31202,-71.24303000000000,-29.881273000000000,ESCUELA DE LENGUAJE SAN ANDRES
15466,31203,-70.70797700000000,-30.030630000000000,COLEGIO DOMINGO SANTA MARIA
15469,31206,-71.23878000000001,-29.923054000000000,ESCUELA ESPECIAL DE LENGUAJE SEMBRANDO PALABR
15471,31209,-71.32441000000000,-29.991290000000000,ESCUELA ESPECIAL DE LENGUAJE HAMELIN
15472,31211,-71.23653000000000,-29.923489000000000,ESCUELA ESPECIAL DE LENGUAJE PEQUEÑA ORUGA
15473,31212,-71.25266000000001,-29.885332000000000,ESCUELA ESPECIAL DE LENGUAJE AMARANTA
15475,31214,-71.23515000000000,-29.919804000000000,ESCUELA ESP DE LENGUAJE LA FABRICA DE SUEÑOS
15476,31215,-71.33760500000000,-29.996110000000000,ESC.ESP.DE TRAS ESPEC. DE LENGUAJE WENUI
15477,31216,-71.24895500000000,-29.945974000000000,ESC ESPECIAL DE TRAS ESPEC DE LENG ANTARES
15478,31217,-71.24824000000000,-29.934395000000000,ESCUELA ESPECIAL DE LENGUAJE SUEÑO DORADO
15479,31218,-71.34375000000000,-29.984506610000000,ESCUELA CULTURAL DE LENGUAJE Y JARDÍN INFANTIL VALDANI
15480,31219,-71.23829700000000,-29.886221000000000,COLEGIO VERSALLES
15481,31220,-70.72204800000000,-30.028027000000000,COLEGIO DE ADULTOS VALLE DE ELQUI
15482,31221,-71.24308800000000,-29.868210000000000,COLEGIO RUKALAF
15483,31222,-71.23816800000000,-29.880027000000000,MARTIN LUTHER KING ADULT SCHOOL
15484,31223,-71.26616500000000,-29.950024000000000,ESCUELA ESPECIAL DE LENGUAJE EL CASTILLO DEL SABER
15675,32058,-71.18492300000000,-29.896163000000000,ESCUELA ESPECIAL DE LENGUAJE SANTA TERESA
15676,32059,-71.22254200000000,-30.384720000000000,ESCUELA ECOLOGICA PEJERREYES
15700,40008,-71.26052000000000,-29.962376000000000,INSTITUTO DE EDUCACION PARA EL ADULTO
15710,40018,-71.17313000000000,-31.642649000000000,ESC. ESPEC. DE TRANST. ESPECIF.DEL LENGUAJE A
15712,40021,-71.26142883000000,-29.971782680000000,JARDIN INFANTIL KINDERLAND
15718,40028,-71.25884000000001,-29.980446000000000,ESCUELA ESPECIAL NUEVA ESPERANZA
15719,40029,-70.31500200000001,-30.139000000000000,LICEO MISTRALIANO
15723,40033,-71.34047700000001,-29.961691000000000,COLEGIO DOMINGO FAUSTINO SARMIENTO
15738,40050,-71.32496643000000,-29.975379940000000,JARDIN INFANTIL MIS PEQUEÑOS ANGELITOS
15739,40051,-71.20555600000000,-29.925627000000000,ESC.ESP.DE TRAST.ESP DEL LENG.MI PANAL
15740,40052,-70.71742999999999,-30.045340000000000,ESC. ESP. DE TRANST. ESP DEL LENGUAJE G.MISTR
15742,40055,-71.33862999999999,-29.979550000000000,ESC. ESP. TRANS. DEL LENG. CORDILLERA SINDEMP
15744,40057,-71.33779000000000,-29.988585000000000,JARDIN INFANTIL ARCOIRIS
15745,40058,-71.24755999999999,-29.916498000000000,JARDIN INFANTIL MY LITTLE ANGEL
15746,40059,-71.24225616000000,-29.948478700000000,JARDIN INFANTIL INDIGO
15748,40061,-71.19638000000000,-30.608412000000000,ESC.ESP.TRANS.ESPEC.DEL LENGUAJE LLAKOLEN
15751,40064,-71.31033300000000,-29.970329000000000,COLEGIO ALTA CORDILLERA
15759,40074,-71.20490900000000,-29.926298000000000,ESC.ESP.DE TRAST. ESPEC.DEL LENG.JARDIN DE SU
15761,40076,-71.31021000000000,-29.979357000000000,COLEGIO ADULTOS LAS VIOLETAS
15800,40126,-71.18486799999999,-30.589520000000000,COLEGIO RAUL SILVA HENRIQUEZ
15810,40139,-71.30165606,-29.97052908,COLEGIO PIEDRA NEGRA
15811,40140,-71.23542700000000,-29.876061000000000,ESC. ESP. DE LENGUAJE LOS GIRASOLES LTDA.
15812,40141,-71.25193000000000,-29.902660000000000,ESCUELA ESPECIAL DE LENGUAJE SANTA ANA
15813,40142,-71.24475500000000,-29.867901000000000,ESC. ESP. DE LENGUAJE MI CASTILLO
15814,40143,-71.30059000000000,-29.979580000000000,ESCUELA ESPECIAL DE LENGUAJE CUMBRE DE PALABRAS
15815,40144,-71.24158478000000,-29.886869430000000,JARDIN INFANTIL CURIE
15822,40153,-71.33649445000000,-29.984525680000000,JARDIN INFANTIL ESTRELLITA DE BELEN
15841,40174,-71.24265000000000,-29.887625000000000,COLEGIO EDUCACION ESPECIAL CUMBRES
15851,40186,-71.18413000000000,-30.598452000000000,COLEGIO DE ADULTOS GALILEO
15853,40189,-71.34319300000000,-29.956480000000000,COLEGIO CABO ALTO
15858,40194,-71.24270600000000,-29.902950000000000,COLEGIO DOMINGO SANTA MARIA
15859,40195,-70.61750000000001,-30.748955000000000,ESC. ESP. DE LENG. SAN JOSE DE MONT
15868,40206,-71.24092000000000,-29.919786000000000,CENT.DE EDUC.INTEG.DE ADULT.PUELMAPU
15869,40207,-71.24898300000000,-29.964972000000000,ESCUELA ESPECIAL PAX TERRA
15870,40208,-71.24812300000001,-29.953421000000000,COLEGIO TECNICO PROFESIONAL ALTUE
15884,40231,-71.23967000000000,-29.939310000000000,COLEGIO CORDILLERA
15916,40266,-71.24937000000000,-29.969055000000000,ESCUELA ESPECIAL DE LENGUAJE ENTRETEPALABRAS
15923,40273,-71.24852000000000,-29.978090000000000,ESCUELA ESPECIAL DE LENGUAJE TIERRA DE ANGELE
15945,40298,-71.25833100000000,-29.927200000000000,COLEGIO BERNARDO O´HIGGINS
15947,40300,-71.25749000000000,-29.936235000000000,ESCUELA ESPECIAL DE LENGUAJE ANTIYAL LAS COMP
15949,40302,-71.30042200000000,-29.962047000000000,ESCUELA ESPECIAL DE LENGUAJE EL ARBOL
15950,40303,-71.25580600000001,-30.835958000000000,ESCUELA ESPECIAL DE LENGUAJE CHOCOLATITO
15963,40318,-71.34314300000000,-29.957686000000000,ESCUELA ESPECIAL CORPADIS
15964,40319,-70.96282200000000,-31.786860000000000,COLEGIO PART. SUB. CUMBRES DEL CHOAPA
15966,40321,-71.25664500000001,-29.945272000000000,COLEGIO DE ADULTOS BRILLA EL SOL DE LA SERENA
15967,40322,-71.30410200000000,-29.969617000000000,ESC. ESP. DE TRAST. DEL LENGUAJE CORDILLERA P
15969,40324,-70.97266999999999,-31.792973000000000,ESC. ESP. DE TRAST. ESPEC. DE LENGUAJE ALTUE
15970,40325,-70.61659000000000,-30.757990000000000,COLEGIO MASTTAY
15972,40328,-71.26084136999999,-29.965837480000000,ESCUELA DIEGO RIVERA
15976,40333,-71.18326999999999,-30.607487000000000,ESC. ESPEC. DE LENGUAJE LLANQUIRAY
15977,40334,-71.18243000000000,-30.616520000000000,AULA HOSPITALARIA AYUUKELEN EPU
15978,40335,-71.24940100000001,-29.908254000000000,AULA HOSPITALARIA AYUUKELEN
15987,40350,-71.24827500000001,-29.940449000000000,JARDIN INFANTIL BARQUILLO
15991,40354,-71.25769000000000,-29.930232000000000,MONTESSORI
16020,40391,-71.17893100000001,-30.590376000000000,ESCUELA ESPECIAL DE LENGUAJE VICENTE HUIDOBRO
16025,40397,-71.17036200000000,-30.588635000000000,ESCUELA ESPECIAL DE LENGUAJE EDUCA INFANCIA
16026,40398,-71.19593000000000,-30.598434000000000,ESCUELA ESPECIAL DE LENGUAJE MATICES
16028,40400,-71.34273000000000,-29.983809000000000,CENTRO DE EDUCACION INTEGRAL DE ADULTOS SANTA
16033,40405,-71.23717000000001,-29.876810000000000,ESCUELA DE LENGUAJE HAPPY DAY
16083,41016,-71.25406300000000,-29.906631000000000,SALA CUNA Y JARDIN INFANTIL CHILDREN`S WORLD
16084,41017,-71.26256100000001,-29.930993000000000,ESCUELA ESPECIAL DE LENGUAJE SANTINO
16085,41018,-71.34519400000001,-29.983309000000000,COLEGIO CONQUISTADORES COQUIMBO
16102,41099,-71.34538100000000,-29.964579000000000,COLEGIO DE JÓVENES Y ADULTOS OSSANDÓN
16105,41117,-71.27240399999999,-29.843976000000000,LYCÉE FRÉDÉRIC MISTRAL
16112,41132,-71.26101100000000,-29.962688000000000,SALA CUNA Y JARDIN INFANTIL RAYÜN
16134,41173,-70.49228400000000,-30.090259000000000,CEIA LIBRE SER MISTRALIANO
16139,41179,-71.21360692000000,-30.617256900000000,ESCUELA ESPECIAL DE LENGUAJE IWOKA
16160,41254,-71.21327500000000,-29.919743000000000,JARDIN INFANTIL SUEÑO AZUL Y SUS PEQUEÑITOS
16214,41359,-71.24737300000000,-29.888641000000000,JARDIN INFANTIL MIS PEQUEÑOS PENSANTES
16216,41362,-71.23941100000000,-29.944877000000000,SALA CUNA Y JARDÍN INFANTIL INICIA SPA
16246,41444,-71.17746200000001,-30.566561000000000,ESCUELA ESPECIAL DE LENGUAJE NOTITAS MÁGICAS
16271,41503,-71.32964300000000,-30.007382000000000,ESCUELA ESPECIAL DE LENGUAJE EL UNIVERSO EN LA NUEZ
16272,41504,-71.33664400000001,-29.983994000000000,ESCUELA ESPECIAL DE LENGUAJE  ARCOÍRIS DE PALABRAS
16285,41530,-71.25481600000001,-29.910149000000000,JARDIN INFANTIL Y SALA CUNA GOLDEN GARDEN
16292,41537,-71.23645999999999,-29.924077000000000,ESCUELA ESPECIAL DE LENGUAJE  GRAN MOZART
16295,41541,-71.35036599999999,-29.988074000000000,JARDIN INFANTIL KID ARTS
16330,41633,-71.24898899999999,-29.923825000000000,SALA CUNA Y JARDIN INFANTIL THE LITTLE PRINCE
